chapter	source	output	pdflatex	SVG	PNG	note
03	fig_kap3_interpolationsmetoder	kap3_interpolationsmetoder	OK	OK	OK	
03	fig_kap3_loebetidspraemie	kap3_loebetidspraemie	OK	OK	OK	
03	fig_kap3_referencekurve_spaend	kap3_referencekurve_spaend	OK	OK	OK	
03	fig_kap3_rentekurveformer	kap3_rentekurveformer	OK	OK	OK	
03	fig_kap3_segmentering	kap3_segmentering	OK	OK	OK	
03	fig_kap3_teoretiske_markedspriser	kap3_teoretiske_markedspriser	OK	OK	OK	
03	fig_kap3_vertikal_horisontal	kap3_vertikal_horisontal	OK	OK	OK	
04	fig_kap4_cf_bullet	kap4_cf_bullet	OK	OK	OK	
04	fig_kap4_cf_serial	kap4_cf_serial	OK	OK	OK	
04	fig_kap4_chocksrentekurve	kap4_chocksrentekurve	OK	OK	OK	
04	fig_kap4_deltavektorchoks	kap4_deltavektorchoks	OK	OK	OK	
04	fig_kap4_immunisering	kap4_immunisering	OK	OK	OK	
04	fig_kap4_konveksprisrentegraf	kap4_konveksprisrentegraf	OK	OK	OK	
04	fig_kap4_varighedmetoder	kap4_varighedmetoder	OK	OK	OK	
06	fig_kap6_cprthreegroups	kap6_cprthreegroups	OK	OK	OK	
06	fig_kap6_gevinstkrav_fordeling	kap6_gevinstkrav_fordeling	OK	OK	OK	
06	fig_kap6_konverteringsmotor	kap6_konverteringsmotor	OK	OK	OK	
06	fig_kap6_logistisk_funktion	kap6_logistisk_funktion	OK	OK	OK	
06	fig_kap6_rentegitter_pedagogisk	kap6_rentegitter_pedagogisk	OK	OK	OK	
07	fig_kap7_bro	kap7_bro	OK	OK	OK	
07	fig_kap7_interpolation_b	kap7_interpolation_b	OK	OK	OK	
07	fig_kap7_oas_indeks	kap7_oas_indeks	OK	OK	OK	
07	fig_kap7_optionsvaerdi_grid	kap7_optionsvaerdi_grid	OK	OK	OK	
07	fig_kap7_pricing_map	kap7_pricing_map	OK	OK	OK	
07	fig_kap7_to_kanaler	kap7_to_kanaler	OK	OK	OK	
07	fig_kap7_tre_strategier	kap7_tre_strategier	OK	OK	OK	
08	fig_kap8_bondecosystem	kap8_BondEcoSystem	OK	OK	OK	
09	fig_adam_balance	kap9_adam_balance	OK	OK	OK	
09	fig_securitization	kap9_securitization_tranching	OK	OK	OK	
10	fig_kap10_forventet_uforventet_tab	kap10_forventet_uforventet_tab	OK	OK	OK	
10	fig_kap10_kreditaktierisk	kap10_kreditaktierisk	OK	OK	OK	
10	fig_kap10_likviditetskrisediagram	kap10_likviditetskrisediagram	OK	OK	OK	
10	fig_kap10_recovery_konjunktur	kap10_recovery_konjunktur	OK	OK	OK	
10	fig_kap10_systematiskusystematisk	kap10_systematiskusystematisk	OK	OK	OK	
